{
	"topics":[
	{
		"chapter" : "1",
		"title": "Chapter 1",
		"intro": "Introduction to HTML5, CSS3 & Javascript",
		"time" : "3",
		"flag" : "Flagged",
		"percent":"10",
		"pages":[
			{
				"pageNo": "1",
				"header": "Introduction to HTML5, CSS3 & Javascript",
				"subHeader": "<DIV>",
				"content": "https://img.itch.zone/aW1hZ2UyL2phbS8yNjgxLzMyOTQxOS5wbmc=/original/4Pm03N.png"
			},
			{
				"pageNo": "2",
				"header": "Working with MVC",
				"subHeader": "<DIV>"
			}		
		]
	},
	{
		"chapter" : "2",
		"title": "Chapter 2",
		"intro": "Introduction to jQuery",
		"time" : "0.5",
		"flag" : "Flagged",
		"percent":"0",
		"pages":[
			{
				"pageNo": "1",
				"header": "Introduction to jQuery",
				"subHeader": "<DIV>"
			},
			{
				"pageNo": "2",
				"header": "Animations",
				"subHeader": "<DIV>"
			}		
		]
	},
	{
		"title": "Chapter 3",
		"intro": "Getting Started in SAPUI5",
		"time" : "2",
		"flag" : "Locked",
		"percent":"0"
	},
	{
		"title": "Chapter 4",
		"intro": "SAPUI5 Controls & Data Bindings",
		"time" : "4",
		"flag" : "Locked",
		"percent":"0"
	},
	{
		"title": "Chapter 5",
		"intro": "Routing & Navigation in SAPUI5",
		"time" : "2.5",
		"flag" : "Locked",
		"percent":"0",
		"icon":""
	},
	{
		"title": "Chapter 6",
		"intro": "Formatter & Fragments",
		"time" : "1",
		"flag" : "Locked",
		"percent":"0"
	},
	{
		"title": "Chapter 7",
		"intro": "ODATA Service",
		"time" : "2",
		"flag" : "Locked",
		"percent":"0"
	},
	{
		"title": "Chapter 8",
		"intro": "SAP Gateway",
		"time" : "2.5",
		"flag" : "Locked",
		"percent":"0"
	},
	{
		"title": "Chapter 9",
		"intro": "End to End Fiori Developement",
		"time" : "5",
		"flag" : "Locked",
		"percent":"0"
	},
	{
		"title": "Chapter 10",
		"intro": "Q & A",
		"time" : "1",
		"flag" : "Favorite",
		"percent":"100",
		"icon":"sap-icon://travel-request"
	},
	{
		"title": "Reference",
		"intro": "Further Source of Information",
		"time" : "0.5",
		"flag" : "Favorite",
		"percent":"100",
		"icon": "sap-icon://e-learning"
	},
	{
		"title": "Downloads",
		"intro": "Download Source Codes",
		"time" : "0",
		"flag" : "Favorite",
		"percent":"100",
		"icon":"sap-icon://download"
	}
	]
}